algorithm,topology,churn_rate,trial,n_initial,n_rounds,leader_changes,re_elections,avg_alive,avg_lqs,lqs_std
Fitness,random,0.05,0,20,50,1,1,15.28,1.0,0.0
Bully,random,0.05,0,20,50,0,0,15.28,0.8523379468322619,0.0
Random,random,0.05,0,20,50,1,1,15.28,0.7881960399444388,0.0
HighBattery,random,0.05,0,20,50,1,1,15.28,0.8523379468322619,0.0
MostConnected,random,0.05,0,20,50,2,2,15.28,0.9758515091331241,1.1102230246251565e-16
Raft,random,0.05,0,20,50,2,2,15.28,0.7650860655453405,0.0
Fitness,random,0.05,1,20,50,0,0,27.8,0.9022554367015304,0.0
Bully,random,0.05,1,20,50,0,0,27.8,0.7438184687874247,0.0
Random,random,0.05,1,20,50,0,0,27.8,0.7174837728640878,0.0
HighBattery,random,0.05,1,20,50,0,0,27.8,0.907555589372152,0.0
MostConnected,random,0.05,1,20,50,1,1,27.8,0.7962667664151871,1.1102230246251565e-16
Raft,random,0.05,1,20,50,0,0,27.8,0.7993647697893916,1.1102230246251565e-16
Fitness,random,0.05,2,20,50,2,2,21.96,1.0,0.0
Bully,random,0.05,2,20,50,1,1,21.96,0.6302530757221059,1.1102230246251565e-16
Random,random,0.05,2,20,50,0,0,21.96,0.6339016756751541,1.1102230246251565e-16
HighBattery,random,0.05,2,20,50,0,0,21.96,0.6156418616115245,0.0
MostConnected,random,0.05,2,20,50,2,2,21.96,1.0,0.0
Raft,random,0.05,2,20,50,0,0,21.96,0.9183007516660363,0.0
Fitness,random,0.05,3,20,50,0,0,27.48,0.9406512499873897,1.1102230246251565e-16
Bully,random,0.05,3,20,50,0,0,27.48,0.9365222731561478,1.1102230246251565e-16
Random,random,0.05,3,20,50,1,1,27.48,0.6158656777913124,0.0
HighBattery,random,0.05,3,20,50,0,0,27.48,0.9285307421721071,0.0
MostConnected,random,0.05,3,20,50,0,0,27.48,0.9406512499873897,1.1102230246251565e-16
Raft,random,0.05,3,20,50,1,1,27.48,0.9285307421721071,0.0
Fitness,random,0.05,4,20,50,0,0,18.74,1.0,0.0
Bully,random,0.05,4,20,50,0,0,18.74,0.587251259580026,1.1102230246251565e-16
Random,random,0.05,4,20,50,0,0,18.74,0.7357392471535934,0.0
HighBattery,random,0.05,4,20,50,0,0,18.74,0.8357791846400537,0.0
MostConnected,random,0.05,4,20,50,0,0,18.74,1.0,0.0
Raft,random,0.05,4,20,50,1,1,18.74,0.878891610437116,0.0
Fitness,random,0.05,5,20,50,0,0,17.8,1.0,0.0
Bully,random,0.05,5,20,50,1,1,17.8,0.898639346918882,1.1102230246251565e-16
Random,random,0.05,5,20,50,0,0,17.8,0.9332913314254151,1.1102230246251565e-16
HighBattery,random,0.05,5,20,50,0,0,17.8,0.8745920505166823,0.0
MostConnected,random,0.05,5,20,50,2,2,17.8,0.898639346918882,1.1102230246251565e-16
Raft,random,0.05,5,20,50,1,1,17.8,0.7341887673099283,1.1102230246251565e-16
Fitness,random,0.05,6,20,50,2,2,18.82,1.0,0.0
Bully,random,0.05,6,20,50,1,1,18.82,0.781250217138598,0.0
Random,random,0.05,6,20,50,1,1,18.82,0.9487780403660159,1.1102230246251565e-16
HighBattery,random,0.05,6,20,50,2,2,18.82,0.95750783898005,0.0
MostConnected,random,0.05,6,20,50,0,0,18.82,0.9628792362197791,1.1102230246251565e-16
Raft,random,0.05,6,20,50,0,0,18.82,0.7307518072416961,1.1102230246251565e-16
Fitness,random,0.05,7,20,50,1,1,21.48,1.0,0.0
Bully,random,0.05,7,20,50,0,0,21.48,0.7604574509986547,2.220446049250313e-16
Random,random,0.05,7,20,50,1,1,21.48,0.9235804134283778,1.1102230246251565e-16
HighBattery,random,0.05,7,20,50,1,1,21.48,1.0,0.0
MostConnected,random,0.05,7,20,50,1,1,21.48,1.0,0.0
Raft,random,0.05,7,20,50,2,2,21.48,0.7662857506727289,0.0
Fitness,random,0.05,8,20,50,0,0,22.3,0.9845272067007312,2.220446049250313e-16
Bully,random,0.05,8,20,50,0,0,22.3,0.8241826668496488,2.220446049250313e-16
Random,random,0.05,8,20,50,1,1,22.3,0.7340745186975159,1.1102230246251565e-16
HighBattery,random,0.05,8,20,50,0,0,22.3,0.7417629561554311,1.1102230246251565e-16
MostConnected,random,0.05,8,20,50,0,0,22.3,0.9845272067007312,2.220446049250313e-16
Raft,random,0.05,8,20,50,0,0,22.3,1.0,0.0
Fitness,random,0.05,9,20,50,0,0,19.78,0.8260966616254486,0.0
Bully,random,0.05,9,20,50,2,2,19.78,0.6594798039881437,0.0
Random,random,0.05,9,20,50,0,0,19.78,0.8260966616254486,0.0
HighBattery,random,0.05,9,20,50,1,1,19.78,1.0,0.0
MostConnected,random,0.05,9,20,50,1,1,19.78,1.0,0.0
Raft,random,0.05,9,20,50,0,0,19.78,0.8260966616254486,0.0
Fitness,geometric,0.05,0,20,50,0,0,23.5,0.8554771028156191,0.0
Bully,geometric,0.05,0,20,50,0,0,23.5,0.7505932935228605,1.1102230246251565e-16
Random,geometric,0.05,0,20,50,0,0,23.5,0.7505932935228605,1.1102230246251565e-16
HighBattery,geometric,0.05,0,20,50,0,0,23.5,0.8567317280516394,1.1102230246251565e-16
MostConnected,geometric,0.05,0,20,50,0,0,23.5,0.8554771028156191,0.0
Raft,geometric,0.05,0,20,50,1,1,23.5,0.7867102435399529,1.1102230246251565e-16
Fitness,geometric,0.05,1,20,50,0,0,19.7,0.9587588891815865,1.1102230246251565e-16
Bully,geometric,0.05,1,20,50,0,0,19.7,0.736548802564639,1.1102230246251565e-16
Random,geometric,0.05,1,20,50,1,1,19.7,0.8915767671319371,1.1102230246251565e-16
HighBattery,geometric,0.05,1,20,50,1,1,19.7,0.9587588891815865,1.1102230246251565e-16
MostConnected,geometric,0.05,1,20,50,1,1,19.7,1.0,0.0
Raft,geometric,0.05,1,20,50,0,0,19.7,0.6618302271355183,1.1102230246251565e-16
Fitness,geometric,0.05,2,20,50,1,1,22.68,0.9237150414726492,1.1102230246251565e-16
Bully,geometric,0.05,2,20,50,1,1,22.68,0.8993182295882509,2.220446049250313e-16
Random,geometric,0.05,2,20,50,0,0,22.68,0.812331950759666,2.220446049250313e-16
HighBattery,geometric,0.05,2,20,50,1,1,22.68,0.9237150414726492,1.1102230246251565e-16
MostConnected,geometric,0.05,2,20,50,0,0,22.68,1.0,0.0
Raft,geometric,0.05,2,20,50,0,0,22.68,0.8128466750574553,0.0
Fitness,geometric,0.05,3,20,50,0,0,20.2,0.9641968477225711,2.220446049250313e-16
Bully,geometric,0.05,3,20,50,0,0,20.2,0.7351811321683145,0.0
Random,geometric,0.05,3,20,50,4,4,20.2,0.567493600352215,0.0
HighBattery,geometric,0.05,3,20,50,0,0,20.2,0.9570403808157854,1.1102230246251565e-16
MostConnected,geometric,0.05,3,20,50,1,1,20.2,0.9570403808157854,1.1102230246251565e-16
Raft,geometric,0.05,3,20,50,0,0,20.2,0.817775071111832,1.1102230246251565e-16
Fitness,geometric,0.05,4,20,50,0,0,18.38,0.9258471583190704,1.1102230246251565e-16
Bully,geometric,0.05,4,20,50,2,2,18.38,0.7162281098090066,1.1102230246251565e-16
Random,geometric,0.05,4,20,50,1,1,18.38,0.9058795506659243,0.0
HighBattery,geometric,0.05,4,20,50,0,0,18.38,0.9365746719309201,0.0
MostConnected,geometric,0.05,4,20,50,1,1,18.38,0.9134003075530971,0.0
Raft,geometric,0.05,4,20,50,1,1,18.38,0.8427273871461481,0.0
Fitness,geometric,0.05,5,20,50,0,0,23.26,0.9674868513716723,1.1102230246251565e-16
Bully,geometric,0.05,5,20,50,0,0,23.26,1.0,0.0
Random,geometric,0.05,5,20,50,0,0,23.26,0.6823226398219364,1.1102230246251565e-16
HighBattery,geometric,0.05,5,20,50,0,0,23.26,0.8737745248539774,1.1102230246251565e-16
MostConnected,geometric,0.05,5,20,50,0,0,23.26,0.9674868513716723,1.1102230246251565e-16
Raft,geometric,0.05,5,20,50,0,0,23.26,0.8517436571429664,1.1102230246251565e-16
Fitness,geometric,0.05,6,20,50,1,1,18.74,1.0,0.0
Bully,geometric,0.05,6,20,50,1,1,18.74,0.8163078037194823,0.0
Random,geometric,0.05,6,20,50,1,1,18.74,0.7290222965185679,1.1102230246251565e-16
HighBattery,geometric,0.05,6,20,50,1,1,18.74,1.0,0.0
MostConnected,geometric,0.05,6,20,50,0,0,18.74,0.8273892191342584,0.0
Raft,geometric,0.05,6,20,50,0,0,18.74,0.8279588441848703,1.1102230246251565e-16
Fitness,geometric,0.05,7,20,50,2,2,23.54,0.9568793860958826,1.1102230246251565e-16
Bully,geometric,0.05,7,20,50,0,0,23.54,0.8376277823905953,2.220446049250313e-16
Random,geometric,0.05,7,20,50,0,0,23.54,0.6959432053880906,0.0
HighBattery,geometric,0.05,7,20,50,0,0,23.54,0.7853208176902339,0.0
MostConnected,geometric,0.05,7,20,50,3,3,23.54,1.0,0.0
Raft,geometric,0.05,7,20,50,0,0,23.54,0.7860790117936439,1.1102230246251565e-16
Fitness,geometric,0.05,8,20,50,1,1,26.0,0.935364086665354,2.220446049250313e-16
Bully,geometric,0.05,8,20,50,1,1,26.0,0.7059548668438711,1.1102230246251565e-16
Random,geometric,0.05,8,20,50,2,2,26.0,0.935364086665354,2.220446049250313e-16
HighBattery,geometric,0.05,8,20,50,0,0,26.0,0.7677329246433,1.1102230246251565e-16
MostConnected,geometric,0.05,8,20,50,2,2,26.0,0.935364086665354,2.220446049250313e-16
Raft,geometric,0.05,8,20,50,1,1,26.0,0.7069367418382775,0.0
Fitness,geometric,0.05,9,20,50,0,0,23.46,0.7550746928622558,2.220446049250313e-16
Bully,geometric,0.05,9,20,50,1,1,23.46,0.7602121609647269,0.0
Random,geometric,0.05,9,20,50,0,0,23.46,0.5382661178252518,0.0
HighBattery,geometric,0.05,9,20,50,1,1,23.46,1.0,0.0
MostConnected,geometric,0.05,9,20,50,0,0,23.46,0.7550746928622558,2.220446049250313e-16
Raft,geometric,0.05,9,20,50,0,0,23.46,0.6054370837414674,1.1102230246251565e-16
Fitness,random,0.1,0,20,50,1,1,24.02,1.0,0.0
Bully,random,0.1,0,20,50,3,3,24.02,0.8602576159786041,0.0
Random,random,0.1,0,20,50,1,1,24.02,1.0,0.0
HighBattery,random,0.1,0,20,50,2,2,24.02,0.8812495144416823,0.0
MostConnected,random,0.1,0,20,50,0,0,24.02,0.9736878979783746,1.1102230246251565e-16
Raft,random,0.1,0,20,50,2,2,24.02,0.7999804991502367,1.1102230246251565e-16
Fitness,random,0.1,1,20,50,3,3,20.38,0.9609141663569717,0.0
Bully,random,0.1,1,20,50,4,4,20.38,0.8801038828484994,1.1102230246251565e-16
Random,random,0.1,1,20,50,0,0,20.38,0.8367533656883545,1.1102230246251565e-16
HighBattery,random,0.1,1,20,50,2,2,20.38,1.0,0.0
MostConnected,random,0.1,1,20,50,3,3,20.38,0.9179118045440101,1.1102230246251565e-16
Raft,random,0.1,1,20,50,1,1,20.38,0.8505499365009231,1.1102230246251565e-16
Fitness,random,0.1,2,20,50,0,0,18.82,0.8538852093384385,1.1102230246251565e-16
Bully,random,0.1,2,20,50,3,3,18.82,0.9128823866164002,1.1102230246251565e-16
Random,random,0.1,2,20,50,2,2,18.82,0.8538852093384385,1.1102230246251565e-16
HighBattery,random,0.1,2,20,50,3,3,18.82,0.7481136344487134,1.1102230246251565e-16
MostConnected,random,0.1,2,20,50,0,0,18.82,0.8538852093384385,1.1102230246251565e-16
Raft,random,0.1,2,20,50,1,1,18.82,0.8596801284219521,1.1102230246251565e-16
Fitness,random,0.1,3,20,50,0,0,26.04,0.8112515002167369,1.1102230246251565e-16
Bully,random,0.1,3,20,50,0,0,26.04,0.7765669099627182,1.1102230246251565e-16
Random,random,0.1,3,20,50,3,3,26.04,0.7765669099627182,1.1102230246251565e-16
HighBattery,random,0.1,3,20,50,0,0,26.04,0.7765669099627182,1.1102230246251565e-16
MostConnected,random,0.1,3,20,50,2,2,26.04,0.7697128986298971,1.1102230246251565e-16
Raft,random,0.1,3,20,50,3,3,26.04,0.840047262449218,1.1102230246251565e-16
Fitness,random,0.1,4,20,50,3,3,21.16,1.0,0.0
Bully,random,0.1,4,20,50,1,1,21.16,0.8574447080506922,0.0
Random,random,0.1,4,20,50,2,2,21.16,0.8430550538064311,0.0
HighBattery,random,0.1,4,20,50,2,2,21.16,0.9128450652699363,0.0
MostConnected,random,0.1,4,20,50,1,1,21.16,0.7771272028372949,1.1102230246251565e-16
Raft,random,0.1,4,20,50,1,1,21.16,0.8701018799541249,1.1102230246251565e-16
Fitness,random,0.1,5,20,50,0,0,19.08,0.7318589197854518,1.1102230246251565e-16
Bully,random,0.1,5,20,50,1,1,19.08,0.7424227976928889,0.0
Random,random,0.1,5,20,50,1,1,19.08,0.934170827463006,1.1102230246251565e-16
HighBattery,random,0.1,5,20,50,2,2,19.08,0.8734922967116436,1.1102230246251565e-16
MostConnected,random,0.1,5,20,50,0,0,19.08,0.7318589197854518,1.1102230246251565e-16
Raft,random,0.1,5,20,50,4,4,19.08,0.5533764033586904,0.0
Fitness,random,0.1,6,20,50,3,3,18.5,0.9409298836990933,1.1102230246251565e-16
Bully,random,0.1,6,20,50,2,2,18.5,0.7358196432545016,1.1102230246251565e-16
Random,random,0.1,6,20,50,3,3,18.5,0.7858704222418545,0.0
HighBattery,random,0.1,6,20,50,1,1,18.5,1.0,0.0
MostConnected,random,0.1,6,20,50,3,3,18.5,0.8904589029006138,0.0
Raft,random,0.1,6,20,50,4,4,18.5,0.6746128839439759,1.1102230246251565e-16
Fitness,random,0.1,7,20,50,2,2,17.18,1.0,0.0
Bully,random,0.1,7,20,50,2,2,17.18,0.8808480405684256,1.1102230246251565e-16
Random,random,0.1,7,20,50,3,3,17.18,0.7460413521572824,0.0
HighBattery,random,0.1,7,20,50,2,2,17.18,0.8197092373198105,1.1102230246251565e-16
MostConnected,random,0.1,7,20,50,1,1,17.18,0.64616882576237,0.0
Raft,random,0.1,7,20,50,7,7,17.18,0.6933746431431164,0.0
Fitness,random,0.1,8,20,50,2,2,18.62,1.0,0.0
Bully,random,0.1,8,20,50,0,0,18.62,0.8445025721804552,1.1102230246251565e-16
Random,random,0.1,8,20,50,1,1,18.62,0.8392615416270012,0.0
HighBattery,random,0.1,8,20,50,1,1,18.62,0.8230336757807944,2.220446049250313e-16
MostConnected,random,0.1,8,20,50,2,2,18.62,0.9698229307598519,0.0
Raft,random,0.1,8,20,50,1,1,18.62,0.8445025721804552,1.1102230246251565e-16
Fitness,random,0.1,9,20,50,1,1,14.68,0.8513528343661819,0.0
Bully,random,0.1,9,20,50,1,1,14.68,0.8090057776055727,1.1102230246251565e-16
Random,random,0.1,9,20,50,1,1,14.68,0.6303827927062287,0.0
HighBattery,random,0.1,9,20,50,2,2,14.68,0.8513528343661819,0.0
MostConnected,random,0.1,9,20,50,5,5,14.68,1.0,0.0
Raft,random,0.1,9,20,50,0,0,14.68,0.7237604263348275,0.0
Fitness,geometric,0.1,0,20,50,1,1,16.34,0.9186202712054574,1.1102230246251565e-16
Bully,geometric,0.1,0,20,50,3,3,16.34,0.6562912495091728,0.0
Random,geometric,0.1,0,20,50,3,3,16.34,0.69018635460393,0.0
HighBattery,geometric,0.1,0,20,50,2,2,16.34,0.9726395623206673,1.1102230246251565e-16
MostConnected,geometric,0.1,0,20,50,0,0,16.34,0.9186202712054574,1.1102230246251565e-16
Raft,geometric,0.1,0,20,50,3,3,16.34,0.9186202712054574,1.1102230246251565e-16
Fitness,geometric,0.1,1,20,50,2,2,21.66,1.0,0.0
Bully,geometric,0.1,1,20,50,3,3,21.66,0.6078980312180982,1.1102230246251565e-16
Random,geometric,0.1,1,20,50,6,6,21.66,0.8547004403427964,0.0
HighBattery,geometric,0.1,1,20,50,2,2,21.66,1.0,0.0
MostConnected,geometric,0.1,1,20,50,3,3,21.66,0.6813352627202959,1.1102230246251565e-16
Raft,geometric,0.1,1,20,50,2,2,21.66,0.555960816363034,0.0
Fitness,geometric,0.1,2,20,50,2,2,13.7,0.8214425140235919,0.0
Bully,geometric,0.1,2,20,50,1,1,13.7,0.8523133798500667,1.1102230246251565e-16
Random,geometric,0.1,2,20,50,1,1,13.7,0.7920030187989248,1.1102230246251565e-16
HighBattery,geometric,0.1,2,20,50,3,3,13.7,0.9144835963853187,1.1102230246251565e-16
MostConnected,geometric,0.1,2,20,50,2,2,13.7,0.8155880221792247,2.220446049250313e-16
Raft,geometric,0.1,2,20,50,1,1,13.7,0.8214425140235919,0.0
Fitness,geometric,0.1,3,20,50,2,2,21.9,0.9169587945183486,2.220446049250313e-16
Bully,geometric,0.1,3,20,50,0,0,21.9,0.8136847617133683,0.0
Random,geometric,0.1,3,20,50,0,0,21.9,1.0,0.0
HighBattery,geometric,0.1,3,20,50,1,1,21.9,0.7179616997667889,1.1102230246251565e-16
MostConnected,geometric,0.1,3,20,50,3,3,21.9,0.8479107156191762,1.1102230246251565e-16
Raft,geometric,0.1,3,20,50,0,0,21.9,0.8227943315012916,1.1102230246251565e-16
Fitness,geometric,0.1,4,20,50,4,4,20.9,1.0,0.0
Bully,geometric,0.1,4,20,50,2,2,20.9,0.6907276885334133,0.0
Random,geometric,0.1,4,20,50,2,2,20.9,0.6907276885334133,0.0
HighBattery,geometric,0.1,4,20,50,4,4,20.9,0.88165249626752,0.0
MostConnected,geometric,0.1,4,20,50,5,5,20.9,0.9903537432333285,1.1102230246251565e-16
Raft,geometric,0.1,4,20,50,0,0,20.9,0.7539974890308947,1.1102230246251565e-16
Fitness,geometric,0.1,5,20,50,1,1,20.3,0.8235868512770594,1.1102230246251565e-16
Bully,geometric,0.1,5,20,50,4,4,20.3,0.8355342657299945,1.1102230246251565e-16
Random,geometric,0.1,5,20,50,0,0,20.3,0.9647509955485396,1.1102230246251565e-16
HighBattery,geometric,0.1,5,20,50,1,1,20.3,0.8143168582332878,1.1102230246251565e-16
MostConnected,geometric,0.1,5,20,50,3,3,20.3,0.8235868512770594,1.1102230246251565e-16
Raft,geometric,0.1,5,20,50,0,0,20.3,0.7514553912393255,0.0
Fitness,geometric,0.1,6,20,50,3,3,16.96,0.9626851168198479,0.0
Bully,geometric,0.1,6,20,50,2,2,16.96,0.7812358109227653,1.1102230246251565e-16
Random,geometric,0.1,6,20,50,1,1,16.96,0.8757333562396282,0.0
HighBattery,geometric,0.1,6,20,50,4,4,16.96,0.9308883578093139,1.1102230246251565e-16
MostConnected,geometric,0.1,6,20,50,0,0,16.96,0.9577889773083593,2.220446049250313e-16
Raft,geometric,0.1,6,20,50,0,0,16.96,0.9626851168198479,0.0
Fitness,geometric,0.1,7,20,50,3,3,28.42,0.8377808552976829,1.1102230246251565e-16
Bully,geometric,0.1,7,20,50,1,1,28.42,0.8646679808406595,0.0
Random,geometric,0.1,7,20,50,2,2,28.42,0.7876396156946839,1.1102230246251565e-16
HighBattery,geometric,0.1,7,20,50,1,1,28.42,0.8279053637044287,0.0
MostConnected,geometric,0.1,7,20,50,2,2,28.42,0.8989914096649987,1.1102230246251565e-16
Raft,geometric,0.1,7,20,50,1,1,28.42,0.8290194009400623,0.0
Fitness,geometric,0.1,8,20,50,1,1,15.48,0.7900560030637864,1.1102230246251565e-16
Bully,geometric,0.1,8,20,50,4,4,15.48,0.8989080181320428,1.1102230246251565e-16
Random,geometric,0.1,8,20,50,3,3,15.48,0.959899842334975,1.1102230246251565e-16
HighBattery,geometric,0.1,8,20,50,0,0,15.48,0.9491786447661801,0.0
MostConnected,geometric,0.1,8,20,50,0,0,15.48,0.8596607604637464,0.0
Raft,geometric,0.1,8,20,50,2,2,15.48,0.8596607604637464,0.0
Fitness,geometric,0.1,9,20,50,0,0,19.0,1.0,0.0
Bully,geometric,0.1,9,20,50,0,0,19.0,0.6495943671641696,1.1102230246251565e-16
Random,geometric,0.1,9,20,50,3,3,19.0,0.6495943671641696,1.1102230246251565e-16
HighBattery,geometric,0.1,9,20,50,2,2,19.0,0.8212039186754961,2.220446049250313e-16
MostConnected,geometric,0.1,9,20,50,0,0,19.0,1.0,0.0
Raft,geometric,0.1,9,20,50,0,0,19.0,1.0,0.0
Fitness,random,0.2,0,20,50,2,2,17.12,0.870963847454872,1.1102230246251565e-16
Bully,random,0.2,0,20,50,5,5,17.12,0.6998880211328494,0.0
Random,random,0.2,0,20,50,3,3,17.12,0.870963847454872,1.1102230246251565e-16
HighBattery,random,0.2,0,20,50,1,1,17.12,0.877748823351373,1.1102230246251565e-16
MostConnected,random,0.2,0,20,50,5,5,17.12,0.9328809438277824,1.1102230246251565e-16
Raft,random,0.2,0,20,50,6,6,17.12,0.877748823351373,1.1102230246251565e-16
Fitness,random,0.2,1,20,50,6,6,31.74,1.0,0.0
Bully,random,0.2,1,20,50,4,4,31.74,0.7400320669787626,1.1102230246251565e-16
Random,random,0.2,1,20,50,3,3,31.74,0.928670889000187,0.0
HighBattery,random,0.2,1,20,50,4,4,31.74,0.928670889000187,0.0
MostConnected,random,0.2,1,20,50,4,4,31.74,0.9803215235821624,1.1102230246251565e-16
Raft,random,0.2,1,20,50,6,6,31.74,0.90452555399826,1.1102230246251565e-16
Fitness,random,0.2,2,20,50,3,3,12.88,1.0,0.0
Bully,random,0.2,2,20,50,1,1,12.88,0.8064409889036908,1.1102230246251565e-16
Random,random,0.2,2,20,50,2,2,12.88,1.0,0.0
HighBattery,random,0.2,2,20,50,1,1,12.88,1.0,0.0
MostConnected,random,0.2,2,20,50,3,3,12.88,0.8064409889036908,1.1102230246251565e-16
Raft,random,0.2,2,20,50,6,6,12.88,1.0,0.0
Fitness,random,0.2,3,20,50,3,3,9.08,1.0,0.0
Bully,random,0.2,3,20,50,2,2,9.08,1.0,0.0
Random,random,0.2,3,20,50,3,3,9.08,0.9677259423706482,1.1102230246251565e-16
HighBattery,random,0.2,3,20,50,4,4,9.08,1.0,0.0
MostConnected,random,0.2,3,20,50,4,4,9.08,0.9245115331738396,2.220446049250313e-16
Raft,random,0.2,3,20,50,5,6,9.08,1.0,0.0
Fitness,random,0.2,4,20,50,5,5,14.16,0.8140252807826891,0.0
Bully,random,0.2,4,20,50,1,1,14.16,0.8237413150612131,0.0
Random,random,0.2,4,20,50,4,4,14.16,0.7160185268837697,1.1102230246251565e-16
HighBattery,random,0.2,4,20,50,2,2,14.16,0.8237413150612131,0.0
MostConnected,random,0.2,4,20,50,8,8,14.16,0.8554977342469863,1.1102230246251565e-16
Raft,random,0.2,4,20,50,7,7,14.16,0.8237413150612131,0.0
Fitness,random,0.2,5,20,50,4,4,24.72,0.875342372132865,2.220446049250313e-16
Bully,random,0.2,5,20,50,5,5,24.72,0.7765438077949015,0.0
Random,random,0.2,5,20,50,3,3,24.72,0.8125157328163537,2.220446049250313e-16
HighBattery,random,0.2,5,20,50,4,4,24.72,0.8249523168979499,1.1102230246251565e-16
MostConnected,random,0.2,5,20,50,3,3,24.72,0.875342372132865,2.220446049250313e-16
Raft,random,0.2,5,20,50,3,3,24.72,0.8169215687570877,0.0
Fitness,random,0.2,6,20,50,3,3,21.8,0.9203512329433677,1.1102230246251565e-16
Bully,random,0.2,6,20,50,7,7,21.8,0.8466848721985037,0.0
Random,random,0.2,6,20,50,5,5,21.8,0.7006104999103304,1.1102230246251565e-16
HighBattery,random,0.2,6,20,50,4,4,21.8,0.91499073024319,0.0
MostConnected,random,0.2,6,20,50,3,3,21.8,0.9646790708134604,1.1102230246251565e-16
Raft,random,0.2,6,20,50,4,4,21.8,0.7006104999103304,1.1102230246251565e-16
Fitness,random,0.2,7,20,50,2,2,22.08,0.962571405299642,1.1102230246251565e-16
Bully,random,0.2,7,20,50,7,7,22.08,0.6562109511228192,1.1102230246251565e-16
Random,random,0.2,7,20,50,4,4,22.08,0.7322277233127175,1.1102230246251565e-16
HighBattery,random,0.2,7,20,50,4,4,22.08,1.0,0.0
MostConnected,random,0.2,7,20,50,4,4,22.08,0.962571405299642,1.1102230246251565e-16
Raft,random,0.2,7,20,50,5,5,22.08,0.962571405299642,1.1102230246251565e-16
Fitness,random,0.2,8,20,50,5,5,20.36,1.0,0.0
Bully,random,0.2,8,20,50,7,7,20.36,0.6924017561147418,0.0
Random,random,0.2,8,20,50,3,3,20.36,0.7747588682676257,1.1102230246251565e-16
HighBattery,random,0.2,8,20,50,2,2,20.36,0.7531555433739192,1.1102230246251565e-16
MostConnected,random,0.2,8,20,50,6,6,20.36,0.9391775180874192,1.1102230246251565e-16
Raft,random,0.2,8,20,50,3,3,20.36,0.7826046739330108,1.1102230246251565e-16
Fitness,random,0.2,9,20,50,5,5,14.92,0.9239037213909705,0.0
Bully,random,0.2,9,20,50,4,4,14.92,0.9512566828168739,1.1102230246251565e-16
Random,random,0.2,9,20,50,2,2,14.92,0.8068456226771729,0.0
HighBattery,random,0.2,9,20,50,5,5,14.92,1.0,0.0
MostConnected,random,0.2,9,20,50,4,4,14.92,0.8068456226771729,0.0
Raft,random,0.2,9,20,50,7,7,14.92,0.8068456226771729,0.0
Fitness,geometric,0.2,0,20,50,2,2,15.54,0.5680533211849975,0.0
Bully,geometric,0.2,0,20,50,2,2,15.54,0.6488490915885705,1.1102230246251565e-16
Random,geometric,0.2,0,20,50,3,3,15.54,0.9507198309979473,1.1102230246251565e-16
HighBattery,geometric,0.2,0,20,50,4,4,15.54,1.0,0.0
MostConnected,geometric,0.2,0,20,50,2,2,15.54,0.5680533211849975,0.0
Raft,geometric,0.2,0,20,50,4,4,15.54,0.5680533211849975,0.0
Fitness,geometric,0.2,1,20,50,4,4,11.08,0.8212178917426245,1.1102230246251565e-16
Bully,geometric,0.2,1,20,50,0,0,11.08,0.6949206970312565,0.0
Random,geometric,0.2,1,20,50,3,3,11.08,0.8328159013912595,2.220446049250313e-16
HighBattery,geometric,0.2,1,20,50,4,4,11.08,0.7572179650470546,0.0
MostConnected,geometric,0.2,1,20,50,3,3,11.08,0.8212178917426245,1.1102230246251565e-16
Raft,geometric,0.2,1,20,50,1,1,11.08,0.6949206970312565,0.0
Fitness,geometric,0.2,2,20,50,3,3,11.22,0.9859266317737075,1.1102230246251565e-16
Bully,geometric,0.2,2,20,50,2,2,11.22,0.6639872769857863,0.0
Random,geometric,0.2,2,20,50,4,4,11.22,0.8270812601532187,2.220446049250313e-16
HighBattery,geometric,0.2,2,20,50,3,3,11.22,0.9859266317737075,1.1102230246251565e-16
MostConnected,geometric,0.2,2,20,50,4,4,11.22,0.9859266317737075,1.1102230246251565e-16
Raft,geometric,0.2,2,20,50,3,3,11.22,0.9859266317737075,1.1102230246251565e-16
Fitness,geometric,0.2,3,20,50,4,4,12.14,0.9377077130473828,0.0
Bully,geometric,0.2,3,20,50,3,3,12.14,1.0,0.0
Random,geometric,0.2,3,20,50,5,5,12.14,0.6400373600097773,0.0
HighBattery,geometric,0.2,3,20,50,3,3,12.14,0.7526043363982236,0.0
MostConnected,geometric,0.2,3,20,50,3,3,12.14,0.6400373600097773,0.0
Raft,geometric,0.2,3,20,50,5,5,12.14,0.9550971233534747,1.1102230246251565e-16
Fitness,geometric,0.2,4,20,50,5,5,21.38,0.9827549225368079,1.1102230246251565e-16
Bully,geometric,0.2,4,20,50,2,2,21.38,0.833697838906766,0.0
Random,geometric,0.2,4,20,50,2,2,21.38,0.953307518520596,0.0
HighBattery,geometric,0.2,4,20,50,3,3,21.38,0.9671610206012867,1.1102230246251565e-16
MostConnected,geometric,0.2,4,20,50,4,4,21.38,0.8191941880845023,0.0
Raft,geometric,0.2,4,20,50,1,1,21.38,0.9671610206012867,1.1102230246251565e-16
Fitness,geometric,0.2,5,20,50,3,3,12.2,1.0,0.0
Bully,geometric,0.2,5,20,50,2,2,12.2,1.0,0.0
Random,geometric,0.2,5,20,50,3,3,12.2,0.7177660974180324,1.1102230246251565e-16
HighBattery,geometric,0.2,5,20,50,6,6,12.2,1.0,0.0
MostConnected,geometric,0.2,5,20,50,6,6,12.2,0.9094724429881917,1.1102230246251565e-16
Raft,geometric,0.2,5,20,50,4,4,12.2,0.93192508068717,1.1102230246251565e-16
Fitness,geometric,0.2,6,20,50,6,6,20.32,0.9878185405252945,1.1102230246251565e-16
Bully,geometric,0.2,6,20,50,2,2,20.32,0.9878185405252945,1.1102230246251565e-16
Random,geometric,0.2,6,20,50,6,6,20.32,0.8594993794465731,0.0
HighBattery,geometric,0.2,6,20,50,5,5,20.32,0.9878185405252945,1.1102230246251565e-16
MostConnected,geometric,0.2,6,20,50,3,3,20.32,0.9737639574434646,1.1102230246251565e-16
Raft,geometric,0.2,6,20,50,2,2,20.32,1.0,0.0
Fitness,geometric,0.2,7,20,50,3,3,14.32,1.0,0.0
Bully,geometric,0.2,7,20,50,5,5,14.32,0.7539366373612918,0.0
Random,geometric,0.2,7,20,50,4,4,14.32,0.6886254111247214,1.1102230246251565e-16
HighBattery,geometric,0.2,7,20,50,3,3,14.32,0.9134035080259152,0.0
MostConnected,geometric,0.2,7,20,50,5,5,14.32,0.8509138764434329,1.1102230246251565e-16
Raft,geometric,0.2,7,20,50,5,5,14.32,0.83679979952364,0.0
Fitness,geometric,0.2,8,20,50,3,3,18.64,1.0,0.0
Bully,geometric,0.2,8,20,50,4,4,18.64,0.7839248866281772,0.0
Random,geometric,0.2,8,20,50,5,5,18.64,0.9823883607810138,2.220446049250313e-16
HighBattery,geometric,0.2,8,20,50,5,5,18.64,0.7544332343660004,1.1102230246251565e-16
MostConnected,geometric,0.2,8,20,50,4,4,18.64,0.9823883607810138,2.220446049250313e-16
Raft,geometric,0.2,8,20,50,3,3,18.64,0.6433138529547083,1.1102230246251565e-16
Fitness,geometric,0.2,9,20,50,1,1,8.36,0.7670095755990289,1.1102230246251565e-16
Bully,geometric,0.2,9,20,50,4,4,8.36,0.901699375246921,1.1102230246251565e-16
Random,geometric,0.2,9,20,50,1,1,8.36,1.0,0.0
HighBattery,geometric,0.2,9,20,50,1,1,8.36,1.0,0.0
MostConnected,geometric,0.2,9,20,50,7,7,8.36,1.0,0.0
Raft,geometric,0.2,9,20,50,2,2,8.36,1.0,0.0
